PackageName,URL
java.applet,https://docs.oracle.com/javase/8/docs/api/java/applet/package-summary.html
java.awt,https://docs.oracle.com/javase/8/docs/api/java/awt/package-summary.html
java.awt.color,https://docs.oracle.com/javase/8/docs/api/java/awt/color/package-summary.html
java.awt.datatransfer,https://docs.oracle.com/javase/8/docs/api/java/awt/datatransfer/package-summary.html
java.awt.dnd,https://docs.oracle.com/javase/8/docs/api/java/awt/dnd/package-summary.html
java.awt.event,https://docs.oracle.com/javase/8/docs/api/java/awt/event/package-summary.html
java.awt.font,https://docs.oracle.com/javase/8/docs/api/java/awt/font/package-summary.html
java.awt.geom,https://docs.oracle.com/javase/8/docs/api/java/awt/geom/package-summary.html
java.awt.im,https://docs.oracle.com/javase/8/docs/api/java/awt/im/package-summary.html
java.awt.im.spi,https://docs.oracle.com/javase/8/docs/api/java/awt/im/spi/package-summary.html
java.awt.image,https://docs.oracle.com/javase/8/docs/api/java/awt/image/package-summary.html
java.awt.image.renderable,https://docs.oracle.com/javase/8/docs/api/java/awt/image/renderable/package-summary.html
java.awt.print,https://docs.oracle.com/javase/8/docs/api/java/awt/print/package-summary.html
java.beans,https://docs.oracle.com/javase/8/docs/api/java/beans/package-summary.html
java.beans.beancontext,https://docs.oracle.com/javase/8/docs/api/java/beans/beancontext/package-summary.html
java.io,https://docs.oracle.com/javase/8/docs/api/java/io/package-summary.html
java.lang,https://docs.oracle.com/javase/8/docs/api/java/lang/package-summary.html
java.lang.annotation,https://docs.oracle.com/javase/8/docs/api/java/lang/annotation/package-summary.html
java.lang.instrument,https://docs.oracle.com/javase/8/docs/api/java/lang/instrument/package-summary.html
java.lang.invoke,https://docs.oracle.com/javase/8/docs/api/java/lang/invoke/package-summary.html
java.lang.management,https://docs.oracle.com/javase/8/docs/api/java/lang/management/package-summary.html
java.lang.ref,https://docs.oracle.com/javase/8/docs/api/java/lang/ref/package-summary.html
java.lang.reflect,https://docs.oracle.com/javase/8/docs/api/java/lang/reflect/package-summary.html
java.math,https://docs.oracle.com/javase/8/docs/api/java/math/package-summary.html
java.net,https://docs.oracle.com/javase/8/docs/api/java/net/package-summary.html
java.nio,https://docs.oracle.com/javase/8/docs/api/java/nio/package-summary.html
java.nio.channels,https://docs.oracle.com/javase/8/docs/api/java/nio/channels/package-summary.html
java.nio.channels.spi,https://docs.oracle.com/javase/8/docs/api/java/nio/channels/spi/package-summary.html
java.nio.charset,https://docs.oracle.com/javase/8/docs/api/java/nio/charset/package-summary.html
java.nio.charset.spi,https://docs.oracle.com/javase/8/docs/api/java/nio/charset/spi/package-summary.html
java.nio.file,https://docs.oracle.com/javase/8/docs/api/java/nio/file/package-summary.html
java.nio.file.attribute,https://docs.oracle.com/javase/8/docs/api/java/nio/file/attribute/package-summary.html
java.nio.file.spi,https://docs.oracle.com/javase/8/docs/api/java/nio/file/spi/package-summary.html
java.rmi,https://docs.oracle.com/javase/8/docs/api/java/rmi/package-summary.html
java.rmi.activation,https://docs.oracle.com/javase/8/docs/api/java/rmi/activation/package-summary.html
java.rmi.dgc,https://docs.oracle.com/javase/8/docs/api/java/rmi/dgc/package-summary.html
java.rmi.registry,https://docs.oracle.com/javase/8/docs/api/java/rmi/registry/package-summary.html
java.rmi.server,https://docs.oracle.com/javase/8/docs/api/java/rmi/server/package-summary.html
java.security,https://docs.oracle.com/javase/8/docs/api/java/security/package-summary.html
java.security.acl,https://docs.oracle.com/javase/8/docs/api/java/security/acl/package-summary.html
java.security.cert,https://docs.oracle.com/javase/8/docs/api/java/security/cert/package-summary.html
java.security.interfaces,https://docs.oracle.com/javase/8/docs/api/java/security/interfaces/package-summary.html
java.security.spec,https://docs.oracle.com/javase/8/docs/api/java/security/spec/package-summary.html
java.sql,https://docs.oracle.com/javase/8/docs/api/java/sql/package-summary.html
java.text,https://docs.oracle.com/javase/8/docs/api/java/text/package-summary.html
java.text.spi,https://docs.oracle.com/javase/8/docs/api/java/text/spi/package-summary.html
java.time,https://docs.oracle.com/javase/8/docs/api/java/time/package-summary.html
java.time.chrono,https://docs.oracle.com/javase/8/docs/api/java/time/chrono/package-summary.html
java.time.format,https://docs.oracle.com/javase/8/docs/api/java/time/format/package-summary.html
java.time.temporal,https://docs.oracle.com/javase/8/docs/api/java/time/temporal/package-summary.html
java.time.zone,https://docs.oracle.com/javase/8/docs/api/java/time/zone/package-summary.html
java.util,https://docs.oracle.com/javase/8/docs/api/java/util/package-summary.html
java.util.concurrent,https://docs.oracle.com/javase/8/docs/api/java/util/concurrent/package-summary.html
java.util.concurrent.atomic,https://docs.oracle.com/javase/8/docs/api/java/util/concurrent/atomic/package-summary.html
java.util.concurrent.locks,https://docs.oracle.com/javase/8/docs/api/java/util/concurrent/locks/package-summary.html
java.util.function,https://docs.oracle.com/javase/8/docs/api/java/util/function/package-summary.html
java.util.jar,https://docs.oracle.com/javase/8/docs/api/java/util/jar/package-summary.html
java.util.logging,https://docs.oracle.com/javase/8/docs/api/java/util/logging/package-summary.html
java.util.prefs,https://docs.oracle.com/javase/8/docs/api/java/util/prefs/package-summary.html
java.util.regex,https://docs.oracle.com/javase/8/docs/api/java/util/regex/package-summary.html
java.util.spi,https://docs.oracle.com/javase/8/docs/api/java/util/spi/package-summary.html
java.util.stream,https://docs.oracle.com/javase/8/docs/api/java/util/stream/package-summary.html
java.util.zip,https://docs.oracle.com/javase/8/docs/api/java/util/zip/package-summary.html
javax.accessibility,https://docs.oracle.com/javase/8/docs/api/javax/accessibility/package-summary.html
javax.activation,https://docs.oracle.com/javase/8/docs/api/javax/activation/package-summary.html
javax.activity,https://docs.oracle.com/javase/8/docs/api/javax/activity/package-summary.html
javax.annotation,https://docs.oracle.com/javase/8/docs/api/javax/annotation/package-summary.html
javax.annotation.processing,https://docs.oracle.com/javase/8/docs/api/javax/annotation/processing/package-summary.html
javax.crypto,https://docs.oracle.com/javase/8/docs/api/javax/crypto/package-summary.html
javax.crypto.interfaces,https://docs.oracle.com/javase/8/docs/api/javax/crypto/interfaces/package-summary.html
javax.crypto.spec,https://docs.oracle.com/javase/8/docs/api/javax/crypto/spec/package-summary.html
javax.imageio,https://docs.oracle.com/javase/8/docs/api/javax/imageio/package-summary.html
javax.imageio.event,https://docs.oracle.com/javase/8/docs/api/javax/imageio/event/package-summary.html
javax.imageio.metadata,https://docs.oracle.com/javase/8/docs/api/javax/imageio/metadata/package-summary.html
javax.imageio.plugins.bmp,https://docs.oracle.com/javase/8/docs/api/javax/imageio/plugins/bmp/package-summary.html
javax.imageio.plugins.jpeg,https://docs.oracle.com/javase/8/docs/api/javax/imageio/plugins/jpeg/package-summary.html
javax.imageio.spi,https://docs.oracle.com/javase/8/docs/api/javax/imageio/spi/package-summary.html
javax.imageio.stream,https://docs.oracle.com/javase/8/docs/api/javax/imageio/stream/package-summary.html
javax.jws,https://docs.oracle.com/javase/8/docs/api/javax/jws/package-summary.html
javax.jws.soap,https://docs.oracle.com/javase/8/docs/api/javax/jws/soap/package-summary.html
javax.lang.model,https://docs.oracle.com/javase/8/docs/api/javax/lang/model/package-summary.html
javax.lang.model.element,https://docs.oracle.com/javase/8/docs/api/javax/lang/model/element/package-summary.html
javax.lang.model.type,https://docs.oracle.com/javase/8/docs/api/javax/lang/model/type/package-summary.html
javax.lang.model.util,https://docs.oracle.com/javase/8/docs/api/javax/lang/model/util/package-summary.html
javax.management,https://docs.oracle.com/javase/8/docs/api/javax/management/package-summary.html
javax.management.loading,https://docs.oracle.com/javase/8/docs/api/javax/management/loading/package-summary.html
javax.management.modelmbean,https://docs.oracle.com/javase/8/docs/api/javax/management/modelmbean/package-summary.html
javax.management.monitor,https://docs.oracle.com/javase/8/docs/api/javax/management/monitor/package-summary.html
javax.management.openmbean,https://docs.oracle.com/javase/8/docs/api/javax/management/openmbean/package-summary.html
javax.management.relation,https://docs.oracle.com/javase/8/docs/api/javax/management/relation/package-summary.html
javax.management.remote,https://docs.oracle.com/javase/8/docs/api/javax/management/remote/package-summary.html
javax.management.remote.rmi,https://docs.oracle.com/javase/8/docs/api/javax/management/remote/rmi/package-summary.html
javax.management.timer,https://docs.oracle.com/javase/8/docs/api/javax/management/timer/package-summary.html
javax.naming,https://docs.oracle.com/javase/8/docs/api/javax/naming/package-summary.html
javax.naming.directory,https://docs.oracle.com/javase/8/docs/api/javax/naming/directory/package-summary.html
javax.naming.event,https://docs.oracle.com/javase/8/docs/api/javax/naming/event/package-summary.html
javax.naming.ldap,https://docs.oracle.com/javase/8/docs/api/javax/naming/ldap/package-summary.html
javax.naming.spi,https://docs.oracle.com/javase/8/docs/api/javax/naming/spi/package-summary.html
javax.net,https://docs.oracle.com/javase/8/docs/api/javax/net/package-summary.html
javax.net.ssl,https://docs.oracle.com/javase/8/docs/api/javax/net/ssl/package-summary.html
javax.print,https://docs.oracle.com/javase/8/docs/api/javax/print/package-summary.html
javax.print.attribute,https://docs.oracle.com/javase/8/docs/api/javax/print/attribute/package-summary.html
javax.print.attribute.standard,https://docs.oracle.com/javase/8/docs/api/javax/print/attribute/standard/package-summary.html
javax.print.event,https://docs.oracle.com/javase/8/docs/api/javax/print/event/package-summary.html
javax.rmi,https://docs.oracle.com/javase/8/docs/api/javax/rmi/package-summary.html
javax.rmi.CORBA,https://docs.oracle.com/javase/8/docs/api/javax/rmi/CORBA/package-summary.html
javax.rmi.ssl,https://docs.oracle.com/javase/8/docs/api/javax/rmi/ssl/package-summary.html
javax.script,https://docs.oracle.com/javase/8/docs/api/javax/script/package-summary.html
javax.security.auth,https://docs.oracle.com/javase/8/docs/api/javax/security/auth/package-summary.html
javax.security.auth.callback,https://docs.oracle.com/javase/8/docs/api/javax/security/auth/callback/package-summary.html
javax.security.auth.kerberos,https://docs.oracle.com/javase/8/docs/api/javax/security/auth/kerberos/package-summary.html
javax.security.auth.login,https://docs.oracle.com/javase/8/docs/api/javax/security/auth/login/package-summary.html
javax.security.auth.spi,https://docs.oracle.com/javase/8/docs/api/javax/security/auth/spi/package-summary.html
javax.security.auth.x500,https://docs.oracle.com/javase/8/docs/api/javax/security/auth/x500/package-summary.html
javax.security.cert,https://docs.oracle.com/javase/8/docs/api/javax/security/cert/package-summary.html
javax.security.sasl,https://docs.oracle.com/javase/8/docs/api/javax/security/sasl/package-summary.html
javax.sound.midi,https://docs.oracle.com/javase/8/docs/api/javax/sound/midi/package-summary.html
javax.sound.midi.spi,https://docs.oracle.com/javase/8/docs/api/javax/sound/midi/spi/package-summary.html
javax.sound.sampled,https://docs.oracle.com/javase/8/docs/api/javax/sound/sampled/package-summary.html
javax.sound.sampled.spi,https://docs.oracle.com/javase/8/docs/api/javax/sound/sampled/spi/package-summary.html
javax.sql,https://docs.oracle.com/javase/8/docs/api/javax/sql/package-summary.html
javax.sql.rowset,https://docs.oracle.com/javase/8/docs/api/javax/sql/rowset/package-summary.html
javax.sql.rowset.serial,https://docs.oracle.com/javase/8/docs/api/javax/sql/rowset/serial/package-summary.html
javax.sql.rowset.spi,https://docs.oracle.com/javase/8/docs/api/javax/sql/rowset/spi/package-summary.html
javax.swing,https://docs.oracle.com/javase/8/docs/api/javax/swing/package-summary.html
javax.swing.border,https://docs.oracle.com/javase/8/docs/api/javax/swing/border/package-summary.html
javax.swing.colorchooser,https://docs.oracle.com/javase/8/docs/api/javax/swing/colorchooser/package-summary.html
javax.swing.event,https://docs.oracle.com/javase/8/docs/api/javax/swing/event/package-summary.html
javax.swing.filechooser,https://docs.oracle.com/javase/8/docs/api/javax/swing/filechooser/package-summary.html
javax.swing.plaf,https://docs.oracle.com/javase/8/docs/api/javax/swing/plaf/package-summary.html
javax.swing.plaf.basic,https://docs.oracle.com/javase/8/docs/api/javax/swing/plaf/basic/package-summary.html
javax.swing.plaf.metal,https://docs.oracle.com/javase/8/docs/api/javax/swing/plaf/metal/package-summary.html
javax.swing.plaf.multi,https://docs.oracle.com/javase/8/docs/api/javax/swing/plaf/multi/package-summary.html
javax.swing.plaf.nimbus,https://docs.oracle.com/javase/8/docs/api/javax/swing/plaf/nimbus/package-summary.html
javax.swing.plaf.synth,https://docs.oracle.com/javase/8/docs/api/javax/swing/plaf/synth/package-summary.html
javax.swing.table,https://docs.oracle.com/javase/8/docs/api/javax/swing/table/package-summary.html
javax.swing.text,https://docs.oracle.com/javase/8/docs/api/javax/swing/text/package-summary.html
javax.swing.text.html,https://docs.oracle.com/javase/8/docs/api/javax/swing/text/html/package-summary.html
javax.swing.text.html.parser,https://docs.oracle.com/javase/8/docs/api/javax/swing/text/html/parser/package-summary.html
javax.swing.text.rtf,https://docs.oracle.com/javase/8/docs/api/javax/swing/text/rtf/package-summary.html
javax.swing.tree,https://docs.oracle.com/javase/8/docs/api/javax/swing/tree/package-summary.html
javax.swing.undo,https://docs.oracle.com/javase/8/docs/api/javax/swing/undo/package-summary.html
javax.tools,https://docs.oracle.com/javase/8/docs/api/javax/tools/package-summary.html
javax.transaction,https://docs.oracle.com/javase/8/docs/api/javax/transaction/package-summary.html
javax.transaction.xa,https://docs.oracle.com/javase/8/docs/api/javax/transaction/xa/package-summary.html
javax.xml,https://docs.oracle.com/javase/8/docs/api/javax/xml/package-summary.html
javax.xml.bind,https://docs.oracle.com/javase/8/docs/api/javax/xml/bind/package-summary.html
javax.xml.bind.annotation,https://docs.oracle.com/javase/8/docs/api/javax/xml/bind/annotation/package-summary.html
javax.xml.bind.annotation.adapters,https://docs.oracle.com/javase/8/docs/api/javax/xml/bind/annotation/adapters/package-summary.html
javax.xml.bind.attachment,https://docs.oracle.com/javase/8/docs/api/javax/xml/bind/attachment/package-summary.html
javax.xml.bind.helpers,https://docs.oracle.com/javase/8/docs/api/javax/xml/bind/helpers/package-summary.html
javax.xml.bind.util,https://docs.oracle.com/javase/8/docs/api/javax/xml/bind/util/package-summary.html
javax.xml.crypto,https://docs.oracle.com/javase/8/docs/api/javax/xml/crypto/package-summary.html
javax.xml.crypto.dom,https://docs.oracle.com/javase/8/docs/api/javax/xml/crypto/dom/package-summary.html
javax.xml.crypto.dsig,https://docs.oracle.com/javase/8/docs/api/javax/xml/crypto/dsig/package-summary.html
javax.xml.crypto.dsig.dom,https://docs.oracle.com/javase/8/docs/api/javax/xml/crypto/dsig/dom/package-summary.html
javax.xml.crypto.dsig.keyinfo,https://docs.oracle.com/javase/8/docs/api/javax/xml/crypto/dsig/keyinfo/package-summary.html
javax.xml.crypto.dsig.spec,https://docs.oracle.com/javase/8/docs/api/javax/xml/crypto/dsig/spec/package-summary.html
javax.xml.datatype,https://docs.oracle.com/javase/8/docs/api/javax/xml/datatype/package-summary.html
javax.xml.namespace,https://docs.oracle.com/javase/8/docs/api/javax/xml/namespace/package-summary.html
javax.xml.parsers,https://docs.oracle.com/javase/8/docs/api/javax/xml/parsers/package-summary.html
javax.xml.soap,https://docs.oracle.com/javase/8/docs/api/javax/xml/soap/package-summary.html
javax.xml.stream,https://docs.oracle.com/javase/8/docs/api/javax/xml/stream/package-summary.html
javax.xml.stream.events,https://docs.oracle.com/javase/8/docs/api/javax/xml/stream/events/package-summary.html
javax.xml.stream.util,https://docs.oracle.com/javase/8/docs/api/javax/xml/stream/util/package-summary.html
javax.xml.transform,https://docs.oracle.com/javase/8/docs/api/javax/xml/transform/package-summary.html
javax.xml.transform.dom,https://docs.oracle.com/javase/8/docs/api/javax/xml/transform/dom/package-summary.html
javax.xml.transform.sax,https://docs.oracle.com/javase/8/docs/api/javax/xml/transform/sax/package-summary.html
javax.xml.transform.stax,https://docs.oracle.com/javase/8/docs/api/javax/xml/transform/stax/package-summary.html
javax.xml.transform.stream,https://docs.oracle.com/javase/8/docs/api/javax/xml/transform/stream/package-summary.html
javax.xml.validation,https://docs.oracle.com/javase/8/docs/api/javax/xml/validation/package-summary.html
javax.xml.ws,https://docs.oracle.com/javase/8/docs/api/javax/xml/ws/package-summary.html
javax.xml.ws.handler,https://docs.oracle.com/javase/8/docs/api/javax/xml/ws/handler/package-summary.html
javax.xml.ws.handler.soap,https://docs.oracle.com/javase/8/docs/api/javax/xml/ws/handler/soap/package-summary.html
javax.xml.ws.http,https://docs.oracle.com/javase/8/docs/api/javax/xml/ws/http/package-summary.html
javax.xml.ws.soap,https://docs.oracle.com/javase/8/docs/api/javax/xml/ws/soap/package-summary.html
javax.xml.ws.spi,https://docs.oracle.com/javase/8/docs/api/javax/xml/ws/spi/package-summary.html
javax.xml.ws.spi.http,https://docs.oracle.com/javase/8/docs/api/javax/xml/ws/spi/http/package-summary.html
javax.xml.ws.wsaddressing,https://docs.oracle.com/javase/8/docs/api/javax/xml/ws/wsaddressing/package-summary.html
javax.xml.xpath,https://docs.oracle.com/javase/8/docs/api/javax/xml/xpath/package-summary.html
org.ietf.jgss,https://docs.oracle.com/javase/8/docs/api/org/ietf/jgss/package-summary.html
org.omg.CORBA,https://docs.oracle.com/javase/8/docs/api/org/omg/CORBA/package-summary.html
org.omg.CORBA_2_3,https://docs.oracle.com/javase/8/docs/api/org/omg/CORBA_2_3/package-summary.html
org.omg.CORBA_2_3.portable,https://docs.oracle.com/javase/8/docs/api/org/omg/CORBA_2_3/portable/package-summary.html
org.omg.CORBA.DynAnyPackage,https://docs.oracle.com/javase/8/docs/api/org/omg/CORBA/DynAnyPackage/package-summary.html
org.omg.CORBA.ORBPackage,https://docs.oracle.com/javase/8/docs/api/org/omg/CORBA/ORBPackage/package-summary.html
org.omg.CORBA.portable,https://docs.oracle.com/javase/8/docs/api/org/omg/CORBA/portable/package-summary.html
org.omg.CORBA.TypeCodePackage,https://docs.oracle.com/javase/8/docs/api/org/omg/CORBA/TypeCodePackage/package-summary.html
org.omg.CosNaming,https://docs.oracle.com/javase/8/docs/api/org/omg/CosNaming/package-summary.html
org.omg.CosNaming.NamingContextExtPackage,https://docs.oracle.com/javase/8/docs/api/org/omg/CosNaming/NamingContextExtPackage/package-summary.html
org.omg.CosNaming.NamingContextPackage,https://docs.oracle.com/javase/8/docs/api/org/omg/CosNaming/NamingContextPackage/package-summary.html
org.omg.Dynamic,https://docs.oracle.com/javase/8/docs/api/org/omg/Dynamic/package-summary.html
org.omg.DynamicAny,https://docs.oracle.com/javase/8/docs/api/org/omg/DynamicAny/package-summary.html
org.omg.DynamicAny.DynAnyFactoryPackage,https://docs.oracle.com/javase/8/docs/api/org/omg/DynamicAny/DynAnyFactoryPackage/package-summary.html
org.omg.DynamicAny.DynAnyPackage,https://docs.oracle.com/javase/8/docs/api/org/omg/DynamicAny/DynAnyPackage/package-summary.html
org.omg.IOP,https://docs.oracle.com/javase/8/docs/api/org/omg/IOP/package-summary.html
org.omg.IOP.CodecFactoryPackage,https://docs.oracle.com/javase/8/docs/api/org/omg/IOP/CodecFactoryPackage/package-summary.html
org.omg.IOP.CodecPackage,https://docs.oracle.com/javase/8/docs/api/org/omg/IOP/CodecPackage/package-summary.html
org.omg.Messaging,https://docs.oracle.com/javase/8/docs/api/org/omg/Messaging/package-summary.html
org.omg.PortableInterceptor,https://docs.oracle.com/javase/8/docs/api/org/omg/PortableInterceptor/package-summary.html
org.omg.PortableInterceptor.ORBInitInfoPackage,https://docs.oracle.com/javase/8/docs/api/org/omg/PortableInterceptor/ORBInitInfoPackage/package-summary.html
org.omg.PortableServer,https://docs.oracle.com/javase/8/docs/api/org/omg/PortableServer/package-summary.html
org.omg.PortableServer.CurrentPackage,https://docs.oracle.com/javase/8/docs/api/org/omg/PortableServer/CurrentPackage/package-summary.html
org.omg.PortableServer.POAManagerPackage,https://docs.oracle.com/javase/8/docs/api/org/omg/PortableServer/POAManagerPackage/package-summary.html
org.omg.PortableServer.POAPackage,https://docs.oracle.com/javase/8/docs/api/org/omg/PortableServer/POAPackage/package-summary.html
org.omg.PortableServer.portable,https://docs.oracle.com/javase/8/docs/api/org/omg/PortableServer/portable/package-summary.html
org.omg.PortableServer.ServantLocatorPackage,https://docs.oracle.com/javase/8/docs/api/org/omg/PortableServer/ServantLocatorPackage/package-summary.html
org.omg.SendingContext,https://docs.oracle.com/javase/8/docs/api/org/omg/SendingContext/package-summary.html
org.omg.stub.java.rmi,https://docs.oracle.com/javase/8/docs/api/org/omg/stub/java/rmi/package-summary.html
org.w3c.dom,https://docs.oracle.com/javase/8/docs/api/org/w3c/dom/package-summary.html
org.w3c.dom.bootstrap,https://docs.oracle.com/javase/8/docs/api/org/w3c/dom/bootstrap/package-summary.html
org.w3c.dom.events,https://docs.oracle.com/javase/8/docs/api/org/w3c/dom/events/package-summary.html
org.w3c.dom.ls,https://docs.oracle.com/javase/8/docs/api/org/w3c/dom/ls/package-summary.html
org.w3c.dom.views,https://docs.oracle.com/javase/8/docs/api/org/w3c/dom/views/package-summary.html
org.xml.sax,https://docs.oracle.com/javase/8/docs/api/org/xml/sax/package-summary.html
org.xml.sax.ext,https://docs.oracle.com/javase/8/docs/api/org/xml/sax/ext/package-summary.html
org.xml.sax.helpers,https://docs.oracle.com/javase/8/docs/api/org/xml/sax/helpers/package-summary.html
