FileName,Compilable,Runnable,Correct
CommandInfo_2,False,False,False
DataHandler_3,False,False,False
DataHandler_5,False,False,False
FileDataSource_2,False,False,False
FileDataSource_3,False,False,False
FileDataSource_4,False,False,False
FileDataSource_5,False,False,False
FileTypeMap_1,False,False,False
FileTypeMap_2,False,False,False
FileTypeMap_3,False,False,False
FileTypeMap_5,False,False,False
URLDataSource_1,False,False,False
URLDataSource_2,False,False,False
URLDataSource_3,False,False,False
URLDataSource_4,False,False,False
URLDataSource_5,False,False,False
